﻿23715,TLC Test Hospital
26501,Bergan Mercy Medical Center
26505,Midlands Hospital
26506,Mercy Hospital
26507,Immanuel Medical Center
26508,Lakeside Hospital
26515,St. Elizabeth Reg Med Ctr
26794,Providence Everett Hospital
27252,University of Iowa Hospital
45593,Phoebe Putney Memorial Hospital
45896,Immanuel Rehabilitation Center
46059,DeKalb Medical at North Decatur
46060,DeKalb Medical at Downtown Decatur
46061,DeKalb Medical at Hillandale
46372,Northern Arizona Healthcare
49080,City of Hope
49248,St. Francis Eastside
49250,Bon Secours St. Francis
49594,LAC + USC Medical Center
60020,Rancho Los Amigos National Rehabilitation Center
60061,VA Test Program Hospital
64315,Olive View-UCLA Medical Center
69964,Cone Health
70032,UAB Hospital
70063,Annie Penn Memorial Hospital
70064,Wesley Long Community Hospital
70065,Womens Hospital of Greensboro
70077,UAB Highlands
70601,OSF Saint Francis Medical Center
71487,Downtown Naples Hospital
71488,North Naples Hospital
71489,Torrance Memorial
71514,Mercy Medical Center -- Clinton
71515,St Joseph Mercy Ann Arbor
71516,St Joseph Mercy Livingston
71845,Adventist Medical Center - Portland
71846,Glendale Adventist Medical Center
71847,Simi Valley Hospital
71848,White Memorial Medical Center
71953,Palomar Pomerado Health
71954,Palomar Health Downtown Campus
71955,Pomerado Hospital
500376,Bayfront Medical Center
500411,Rapid City Regional Hospital
500750,OSF St. Anthony Medical Center
500793,Oaklawn Hospital
500878,York Hospital
500879,WellSpan Surgery and Rehabilitation Hospital
500880,WellSpan Health
500881,Mercy Hospital and Medical Center
500882,New York Methodist Hospital
500953,Memorial Hospital at Gulfport
500954,Dubuque Mercy Medical Center
500955,Dubuque Dyersville Mercy Medical Center
500956,Mercy Medical Center North Iowa East Campus
500957,Sioux City Mercy Medical Center
500959,Adventist Medical Center - Hanford
500960,Adventist Medical Center - Selma
500961,Castle Medical Center
500962,Central Valley General Hospital
500963,Feather River Hospital
500964,Frank R. Howard Memorial Hospital
500965,St. Helena Hospital Clear Lake
500966,St. Helena Hospital Napa Valley
500967,San Joaquin Community Hospital
500968,Sonora Regional Medical Center
500969,Tillamook County General Hospital
500970,Ukiah Valley Medical Center
500971,Walla Walla General Hospital
500972,St. Helena Hospital Center for Behavioral Health
501098,LA County USC Medical Center (Cerner)
501099,Harbor UCLA Medical Center(Cerner)
501100,Rancho Los Amigos National Rehabilitation Center (Cerner)
501101,Olive View/UCLA Medical Center (Cerner)
501102,St. John Broken Arrow
501103,St. John Owasso
501104,St. John Sapulpa
501105,St. John Medical Center
501169,Mount Carmel St. Ann's Hospital
501170,Diley Ridge Medical Center
501171,Mount Carmel East Hospital
501172,Mount Carmel West Hospital
501173,Mount Carmel New Albany Surgical Hospital
501335,Sanford USD Medical Center
501367,Cox Medical Center - Branson
501368,Cox Medical Center - South
501369,Cox Medical Center - North
501370,Cox Walnut Lawn Hospital
501371,Cox Monett Hospital
501375,Billings Clinic
501376,Billings Clinic Foundation
501377,Billings Clinic Cancer Center
501379,Billings Clinic Psychiatric Center
501380,Billings Clinic Research Center
501381,Billings Clinic Sports Medicine Center
501382,Billings Clinic Surgery Center
501383,Cody Clinic
501384,Columbus Clinic
501385,Miles City HealthCare Clinic
501386,Welch Heart Center
501412,Mercy Health Saint Marys
501413,Mercy Health Muskegon Mercy Campus
501414,Mercy Health Muskegon Hackley Campus
501415,Mercy General Hospital Lakeshore Campus
501416,Saint Joseph Regional Medical Center - Mishawaka
501417,Saint Joseph Regional Medical Center – Plymouth
501842,Penn State Hershey Medical Center
502158,Adventist Medical Center - Reedley
502176,Pine Rest Christian Mental Health Services
502177,Christiana Care Health System
502178,Saint Joseph Rehabilitation Institute
502181,Saint Alphonsus Medical Center - Nampa
502182,Saint Alphonsus Medical Center - Ontario
502183,Saint Alphonsus Medical Center - Baker City
502184,Saint Alphonsus Regional Medical Center - Boise
502185,Indiana University Health La Porte Hospital
502186,Children's Hospital Los Angeles
502187,Via Christi Health
502188,Beebe Medical Center
502189,Children's National Medical Center
502190,St. Agnes Medical Center
502191,St. Joseph Mercy Chelsea
502192,Lake Huron Medical Center
502193,St. Joseph Mercy Oakland
502194,St. Mary Mercy Livonia
502195,Jane Phillips Medical Center
502196,Rutland Regional Medical Center
502197,St. Vincents Health Services Corporation
505052,North Kansas City Hospital
505053,Holy Cross Hospital
505126,Cherokee Nation W. W. Hastings Hospital
505127,"Martin Luther King, Jr. Community Hospital"
505128,White River Junction VAMC
505146,Holy Cross Germantown Hospital
505180,Mission Health St. Joseph
505181,Moffitt Cancer Center & Research Institute
505186,Cox Health Systems
505253,Tallahassee Memorial Healthcare
505257,Nanticoke Memorial Hospital
505258,Fremont Area Medical Center
505291,Base East Hospital
505303,Eastern Maine Medical Center
505304,Brandywine Counseling and Community Services –Alpha Program
505305,Roper St Francis Healthcare
505306,Excela Health
505307,Nicklaus Children's Hospital
505308,Boston Children's Hospital
505309,University Medical Center of El Paso
505310,Blanchard Valley Health System
505311,V4 Test Hospital
505312,Community Regional Medical Center
